date, pm25, pm10, o3, no2, so2, co
2022-02-01,68,31,9,4, , 
2022-02-02,58,35,10,6, , 
2022-02-03,66,37,15,11, , 
2022-02-04,73,48,17,15,1, 
2022-02-05,94,54,21,13,1, 
2022-02-06,112,71,26,20,1, 
2022-02-07,147,66,24,19,1, 
2022-02-08,145,44,14,7, , 
2022-02-09,95, , , , , 
2022-01-03,82,51,18,13, , 
2022-01-04,101,59,21,21,1, 
2022-01-05,112,56,23,23,1, 
2022-01-06,113,64,20,21,1, 
2022-01-07,129,58,19,20,1, 
2022-01-08,103,56,20,19,1, 
2022-01-09,117,76,23,22,1, 
2022-01-10,117,61,21,20,1, 
2022-01-11,104,52,19,13, , 
2022-01-12,99,49,22,12, , 
2022-01-13,94,46,21,12, , 
2022-01-14,85,48,25,12, , 
2022-01-15,94,52,23,10,1, 
2022-01-16,101,58,20,19, , 
2022-01-17,120,59,18,17,1, 
2022-01-18,110,48,19,15, , 
2022-01-19,85,55,25,16, , 
2022-01-20,102,35,12,6, , 
2022-01-21,67,26,7,6, , 
2022-01-22,57,24,15,6, , 
2022-01-23,64,28,15,10, , 
2022-01-24,74,31,19,16, , 
2022-01-25,82,32,14,7, , 
2022-01-26,81,37,12,11, , 
2022-01-27,87,46,11,7, , 
2022-01-28,83,41,16,7, , 
2022-01-29,86,36,12,5, , 
2022-01-30,78,36,9,3, , 
2022-01-31,76,35,10,3, , 
2021-10-01,58,24,11,6,1, 
2021-10-02,57,36,18,7,1, 
2021-10-03,72,33,17,10,1, 
2021-10-04,73,43,19,11,2, 
2021-10-05,83,26,14,7, , 
2021-10-06,64,34,11,10,1, 
2021-10-07,69,51,20,12,1, 
2021-10-08,100,25,5,5, , 
2021-10-09,54,22,12,3, , 
2021-10-10,48,22,8,4, , 
2021-10-11,43,21,7,4, , 
2021-10-12,47,19,13,2, , 
2021-10-13,39,23,8,5, , 
2021-10-14,49,25,5,7, , 
2021-10-15,57,31,6,4, , 
2021-10-16,57,17,6,6, , 
2021-10-17,38,23,8,9, , 
2021-10-18,48,38,9,11,1, 
2021-10-19,72,45,20,11, , 
2021-10-20,87,50,21,13,1, 
2021-10-21,97,37,15,11,1, 
2021-10-22,75,29,9,5, , 
2021-10-23,58,28,17,5, , 
2021-10-24,56,30,20,6, , 
2021-10-25,64,40,26,6, , 
2021-10-26,80,46,25,8,1, 
2021-10-27,86,50,10,9,1, 
2021-10-28,92,35,17,8, , 
2021-10-29,76,45,13,10, , 
2021-10-30,90,28,9,7, , 
2021-10-31,61,31,11,6, , 
2021-11-01,62,36,8,7, , 
2021-11-02,69,35,11,7, , 
2021-11-03,66,39,13,7, , 
2021-11-04,67,34,13,9, , 
2021-11-05,71,43,12,10, , 
2021-11-06,81,31,13,7, , 
2021-11-07,72,39,7,8, , 
2021-11-08,71,35,11,7, , 
2021-11-09,61,39,18,8, , 
2021-11-10,74,52,22,7, , 
2021-11-11,88,48,20,9, , 
2021-11-12,81,45,14,9, , 
2021-11-13,84,44,17,6, , 
2021-11-14,90,45,18,8,1, 
2021-11-15,92,33,11,8, , 
2021-11-16,69,26,14,7, , 
2021-11-17,55,30,9,6, , 
2021-11-18,63,35,19,9, , 
2021-11-19,70,39,18,9, , 
2021-11-20,79,40,23,11, , 
2021-11-21,79,41,8,14, , 
2021-11-22,83,30,5,7, , 
2021-11-23,58,32,14,9, , 
2021-11-24,59,45,22,12,1, 
2021-11-25,81,50,21,12, , 
2021-11-26,89,43,20,8, , 
2021-11-27,88,51,24,7, , 
2021-11-28,96,44,20,7, , 
2021-11-29,87,50,16,9, , 
2021-11-30,94,54,16,9, , 
2021-12-01,105,55,19,8, , 
2021-12-02,105,56,24,15, , 
2021-12-03,102,56,24,12, , 
2021-12-04,103,59,24,8, , 
2021-12-05,109,58,25,11, , 
2021-12-06,111,64,13,16, , 
2021-12-07,126,61,18,14,1, 
2021-12-08,122,55,21,14, , 
2021-12-09,100,54,20,15, , 
2021-12-10,96,54,29,15, , 
2021-12-11,98,47,23,10, , 
2021-12-12,81,43,19,6, , 
2021-12-13,79,65,23,14,1, 
2021-12-14,123,63,29,16,1, 
2021-12-15,129,62,29,12, , 
2021-12-16,131,57,17,12,1, 
2021-12-17,117,48,18,6, , 
2021-12-18,90,43,21,8, , 
2021-12-19,87,61,24,12, , 
2021-12-20,128,75,27,16,1, 
2021-12-21,159,79,31,20,1, 
2021-12-22,166,74,23,24,1, 
2021-12-23,146,65,18,15, , 
2021-12-24,131,39,14,8, , 
2021-12-25,78,37,13,8, , 
2021-12-26,74,49,12,17, , 
2021-12-27,89,35,18,8, , 
2021-12-28,62,35,18,7, , 
2021-12-29,64,35,16,8, , 
2021-12-30,70,37,18,8, , 
2021-12-31,69,34,18,7, , 
2022-01-01,75,35,22,6, , 
2022-01-02,75,40,17,8, , 
2021-07-01,47,26,15,10,1, 
2021-07-02,44,25,11,5, , 
2021-07-03,47,19,14,3, , 
2021-07-04,42,25,12,3, , 
2021-07-05,41,39,9,4, , 
2021-07-06,43,40,8,4,1, 
2021-07-07,42,46,10,4,1, 
2021-07-08,51,28,6,7, , 
2021-07-09,48,20,4,6, , 
2021-07-10,47,15,6,4, , 
2021-07-11,34,17,7,5,1, 
2021-07-12,33,25,13,5, , 
2021-07-13,54,33,5,8, , 
2021-07-14,67,24,6,4, , 
2021-07-15,53,24,7,5,1, 
2021-07-16,50,23,11,4,1, 
2021-07-17,54,20,7,2,1, 
2021-07-18,43,17,7,3,1, 
2021-07-19,31,17,7,3, , 
2021-07-20,35,18,6,2,1, 
2021-07-21,36,30,6,2, , 
2021-07-22,55,25,6,4,2, 
2021-07-23,51,30,3,4,3, 
2021-07-24,56,21,4,3,7, 
2021-07-25,44,22,7,4, , 
2021-07-26,48,21,8,3,4, 
2021-07-27,40,22,5,4,6, 
2021-07-28,45,23,9,3,4, 
2021-07-29,44,26,9,4,3, 
2021-07-30,53,30,7,3,1, 
2021-07-31,61,24,7,3,5, 
2021-08-01,52,23,8,3,3, 
2021-08-02,42,20,7,3,1, 
2021-08-03,40,25,11,2,1, 
2021-08-04,52,29,10,2,3, 
2021-08-05,60,24,12,2, , 
2021-08-06,53,26,13,2,1, 
2021-08-07,54,28,15,1,1, 
2021-08-08,57,29,15,1,1, 
2021-08-09,56,29,8,2, , 
2021-08-10,56,21,4,3,1, 
2021-08-11,42,18,5,2, , 
2021-08-12,33,18,7,4,1, 
2021-08-13,37,23,4,4,1, 
2021-08-14,43,17,4,2, , 
2021-08-15,37,16,7,4, , 
2021-08-16,32,28,20,6,1, 
2021-08-17,60,26,13,2,1, 
2021-08-18,54,26,16,5,1, 
2021-08-19,49,30,14,8,1, 
2021-08-20,61,27,9,5, , 
2021-08-21,55,25,11,2, , 
2021-08-22,55,21,11,2, , 
2021-08-23,42,22,11,2, , 
2021-08-24,45,25,8,5, , 
2021-08-25,51,18,4,4,1, 
2021-08-26,36,22,2,7,1, 
2021-08-27,52,19,2,4, , 
2021-08-28,42,14,5,3, , 
2021-08-29,33,24,7,6, , 
2021-08-30,50,27,6,7,1, 
2021-08-31,61,29,8,7,1, 
2021-09-01,62,25,5,6,1, 
2021-09-02,45,20,3,4,1, 
2021-09-03,39,22,4,4,1, 
2021-09-04,45,23,1,2,1, 
2021-09-05,53,32,10,4,1, 
2021-09-06,59,29,4,11,1, 
2021-09-07,58,21,9,12,1, 
2021-09-08,53,29,5,7, , 
2021-09-09,62,19,6,7,1, 
2021-09-10,44,23,8,10, , 
2021-09-11,47,22,7,8,1, 
2021-09-12,46,23,7,1, , 
2021-09-13,45,25,12,2, , 
2021-09-14,53,23,5,4, , 
2021-09-15,50,19,6,4,1, 
2021-09-16,37,22,7,4, , 
2021-09-17,44,31,18,6, , 
2021-09-18,59,25,13,5, , 
2021-09-19,52,27,9,4, , 
2021-09-20,54,16,7,2,1, 
2021-09-21,33,9,7,4,1, 
2021-09-22,23,10,5,3, , 
2021-09-23,18,12,5,4,1, 
2021-09-24,30,11,6,2, , 
2021-09-25,19,9,6,3, , 
2021-09-26,25,18,8,6,1, 
2021-09-27,35,34,7,9,1, 
2021-09-28,66,50,22,13,1, 
2021-09-29,98,38,14,10,2, 
2021-09-30,79,28,8,4,1, 
2021-04-01,79,22,7,5, , 
2021-04-02,47,28,15,6,1, 
2021-04-03,55,30,6,7, , 
2021-04-04,59,47,6,16, , 
2021-04-05,91,46,8,15,2, 
2021-04-06,86,47,15,16,1, 
2021-04-07,89,46,17,10,1, 
2021-04-08,86,38,15,10,1, 
2021-04-09,74,49,17,11,1, 
2021-04-10,90,42,19,11, , 
2021-04-11,85,44,14,11,1, 
2021-04-12,86,34,10,6,1, 
2021-04-13,70,28,8,4,1, 
2021-04-14,61,35,22,5,1, 
2021-04-15,74,28,10,5,1, 
2021-04-16,66,27,19,6,1, 
2021-04-17,64,28,15,4,1, 
2021-04-18,61,25,13,4,1, 
2021-04-19,47,27,24,10,1, 
2021-04-20,51,30,9,10,1, 
2021-04-21,58,39,17,9,1, 
2021-04-22,83,42,15,7, , 
2021-04-23,77,43,9,8, , 
2021-04-24,75,40,13,6, , 
2021-04-25,84,39,13,11, , 
2021-04-26,79,32,12,11,1, 
2021-04-27,66,41,15,13,1, 
2021-04-28,82,30,11,9, , 
2021-04-29,62,33,16,10, , 
2021-04-30,67,32,11,10, , 
2021-05-01,70,38,19,9, , 
2021-05-02,73,35,17,15, , 
2021-05-03,69,42,22,9,1, 
2021-05-04,80,44,29,10,1, 
2021-05-05,90,35,16,12, , 
2021-05-06,69,28,15,9, , 
2021-05-07,48,42,28,9,1, 
2021-05-08,83,34,23,8, , 
2021-05-09,71,31,13,4, , 
2021-05-10,67,30,15,6, , 
2021-05-11,62,26,13,4, , 
2021-05-12,59,27,15,5, , 
2021-05-13,61,23,8,5, , 
2021-05-14,50,25,12,5, , 
2021-05-15,53,21,9,4, , 
2021-05-16,46,24,10,5,1, 
2021-05-17,56,21,9,4, , 
2021-05-18,45,27,14,6,1, 
2021-05-19,54,26,10,9, , 
2021-05-20,48,20,7,7, , 
2021-05-21,43,23,16,5, , 
2021-05-22,49,22,13,4, , 
2021-05-23,44,25,13,4, , 
2021-05-24,48,26,13,6, , 
2021-05-25,43,25,19,7,1, 
2021-05-26,56,30,17,6,1, 
2021-05-27,66,23,7,6, , 
2021-05-28,49,20,6,5,1, 
2021-05-29,45,17,7,4,1, 
2021-05-30,36,23,8,5, , 
2021-05-31,47,24,12,5, , 
2021-06-01,58,28,6,4,1, 
2021-06-02,60,23,11,4,1, 
2021-06-03,53,27,13,4,1, 
2021-06-04,55,26,10,4,1, 
2021-06-05,56,23,6,5,1, 
2021-06-06,49,21,11,4, , 
2021-06-07,45,21,14,6,2, 
2021-06-08,46,16,9,5, , 
2021-06-09,35,14,8,5,1, 
2021-06-10,29,25,9,6,2, 
2021-06-11,51,36,9,8,2, 
2021-06-12,72,33,6,6,2, 
2021-06-13,61,27,6,6,1, 
2021-06-14,51,32,5,7, , 
2021-06-15,62,26,8,5, , 
2021-06-16,46,22,15,6,1, 
2021-06-17,46,25,5,6,1, 
2021-06-18,50,25,14,3, , 
2021-06-19,50,27,13,5, , 
2021-06-20,45,44,13,4,1, 
2021-06-21,74,54,12,8, , 
2021-06-22,94,41,13,5,1, 
2021-06-23,68,25,12,3, , 
2021-06-24,46,35,13,4, , 
2021-06-25,67,28,6,4,1, 
2021-06-26,54,19,9,1, , 
2021-06-27,36,25,13,6,1, 
2021-06-28,48,32,12,7,1, 
2021-06-29,61,25,11,5, , 
2021-06-30,49,24,9,4, , 
2021-01-04,119,57,17,25,3, 
2021-01-05,108,55,20,22,1, 
2021-01-06,116,50,20,18,1, 
2021-01-07,100,44,12,9, , 
2021-01-08,87,40,18,10,1, 
2021-01-09,74,49,19,15,1, 
2021-01-10,89,51,17,14,1, 
2021-01-11,97,56,17,18,1, 
2021-01-12,96,73,24,22,2, 
2021-01-13,143,85,28,35,3, 
2021-01-14,168,91,29,28,3, 
2021-01-15,180,81,26,20,1, 
2021-01-16,167,62,23,11,2, 
2021-01-17,134,53,20,12,1, 
2021-01-18,101,67,24,25,1, 
2021-01-19,149,79,34,26,1, 
2021-01-20,169,82,27,32,1, 
2021-01-21,170,93,42,36,3, 
2021-01-22,187,83,26,22,1, 
2021-01-23,165,49,14,13,1, 
2021-01-24,105,47,13,11,1, 
2021-01-25,90,51,14,12,1, 
2021-01-26,95,55,11,15,1, 
2021-01-27,110,56,20,15,2, 
2021-01-28,110,61,20,16,1, 
2021-01-29,120,61,19,16,1, 
2021-01-30,131,67,24,16,1, 
2021-01-31,138,78,26,27,2, 
2021-02-01,159,76,24,28,1, 
2021-02-02,149,70,20,22,1, 
2021-02-03,150,68,16,23,1, 
2021-02-04,142,70,20,26,1, 
2021-02-05,141,66,23,22,2, 
2021-02-06,139,74,34,21,3, 
2021-02-07,160,59,14,8,2, 
2021-02-08,111,68,8,13,1, 
2021-02-09,114,56,21,15,1, 
2021-02-10,107,51,4,19,1, 
2021-02-11,98,65,20,25,1, 
2021-02-12,123,59,26,12,1, 
2021-02-13,121,46,18,10,1, 
2021-02-14,95,53,15,11,1, 
2021-02-15,93,46,16,10,1, 
2021-02-16,93,51,20,15,1, 
2021-02-17,107,62,16,14,1, 
2021-02-18,131,57,17,15,1, 
2021-02-19,121,61,24,17,1, 
2021-02-20,128,71,32,23,1, 
2021-02-21,154,66,20,13, , 
2021-02-22,147,60,18,13,1, 
2021-02-23,125,63,16,11,1, 
2021-02-24,129,64,28,20,1, 
2021-02-25,141,65,9,16,1, 
2021-02-26,143,61,6,11,1, 
2021-02-27,142,65,8,7,2, 
2021-02-28,126,46,10,10,2, 
2021-03-01,83,32,8,8,1, 
2021-03-02,67,27,7,6,2, 
2021-03-03,58,37,13,10,1, 
2021-03-04,74,35,14,6, , 
2021-03-05,71,39,13,5,1, 
2021-03-06,80,39,13,3,1, 
2021-03-07,77,42,13,9,1, 
2021-03-08,86,46,12,12,1, 
2021-03-09,89,52,15,16,1, 
2021-03-10,105,61,15,16,1, 
2021-03-11,120,56,16,14,5, 
2021-03-12,104,48,16,11,1, 
2021-03-13,94,45,14,7, , 
2021-03-14,88,43,12,8, , 
2021-03-15,86,51,12,7, , 
2021-03-16,93,54,11,7, , 
2021-03-17,104,59,15,10, , 
2021-03-18,121,54,16,7, , 
2021-03-19,104,55,14,5,1, 
2021-03-20,103,42,11,4, , 
2021-03-21,84,60,8,13, , 
2021-03-22,117,60,23,17, , 
2021-03-23,119,68,30,17, , 
2021-03-24,140,63,23,9,1, 
2021-03-25,119,39,15,5, , 
2021-03-26,73,34,9,4, , 
2021-03-27,62,35,12,4,1, 
2021-03-28,71,34,12,4,1, 
2021-03-29,70,39,14,6,1, 
2021-03-30,75,44,17,7, , 
2021-03-31,93,36,13,7, , 
2020-10-01,56,21,7,12, , 
2020-10-02,48,25,12,14, , 
2020-10-03,57,18,11,12, , 
2020-10-04,43,23,10,9, , 
2020-10-05,58,26,12,12, , 
2020-10-06,68,28,12,9, , 
2020-10-07,67,20,5,10, , 
2020-10-08,57,20,4,18, , 
2020-10-09,53,26,2,16, , 
2020-10-10,52,27,6,16, , 
2020-10-11,58,42,12,20, , 
2020-10-12,77,31,3,16, , 
2020-10-13,69,32,11,16, , 
2020-10-14,63,55,11,12,1, 
2020-10-15,79,26,11,13, , 
2020-10-16,49,20,4,15, , 
2020-10-17,46,19,5,7, , 
2020-10-18,42,34,4,7, , 
2020-10-19,71,41,8,7, , 
2020-10-20,67,31,9,12, , 
2020-10-21,65,28,6,9,1, 
2020-10-22,75,38,16,8, , 
2020-10-23,83,59,22,12,1, 
2020-10-24,99,64,29,25,1, 
2020-10-25,128,59,22,25,1, 
2020-10-26,116,42,11,21,1, 
2020-10-27,82,46,16,20, , 
2020-10-28,94,33,3,15, , 
2020-10-29,76,25,2,12, , 
2020-10-30,57,29,8,14, , 
2020-10-31,58,32,7,12, , 
2020-11-01,56,42,15,12, , 
2020-11-02,77,38,13,9, , 
2020-11-03,79,42,18,13, , 
2020-11-04,94,39,23,14,1, 
2020-11-05,85,49,20,18,2, 
2020-11-06,94,34,16,10, , 
2020-11-07,74,49,21,11, , 
2020-11-08,103,49,22,14, , 
2020-11-09,102,53,23,18,1, 
2020-11-10,108,52,19,15,1, 
2020-11-11,101,42,12,15, , 
2020-11-12,87,53,21,15, , 
2020-11-13,106,62,31,16,1, 
2020-11-14,120,65,34,16,1, 
2020-11-15,138,37,23,13,1, 
2020-11-16,77,47,18,20,1, 
2020-11-17,89,50,15,23,1, 
2020-11-18,100,57,20,21,1, 
2020-11-19,119,53,12,21, , 
2020-11-20,107,43,5,17, , 
2020-11-21,80,35,11,19, , 
2020-11-22,77,49,7,21,1, 
2020-11-23,92,36,11,15, , 
2020-11-24,72,39,12,14, , 
2020-11-25,73,37,14,15, , 
2020-11-26,67,30,12,15, , 
2020-11-27,59,40,20,10, , 
2020-11-28,71,35,24,11, , 
2020-11-29,71,27,21,9, , 
2020-11-30,60,37,17,12,1, 
2020-12-01,66,33,18,10,1, 
2020-12-02,67,32,18,9,1, 
2020-12-03,68,39,20,10,1, 
2020-12-04,80,42,21,11, , 
2020-12-05,83,51,23,16,1, 
2020-12-06,91,56,20,20,1, 
2020-12-07,109,54,22,17,1, 
2020-12-08,104,53,22,16,1, 
2020-12-09,103,64,25,22,2, 
2020-12-10,132,71,28,15,2, 
2020-12-11,148,65,22,17,1, 
2020-12-12,140,70,16,23,2, 
2020-12-13,143,71,15,25,1, 
2020-12-14,161,76,7,24,3, 
2020-12-15,149,51,10,15,2, 
2020-12-16,107,44,13,16,2, 
2020-12-17,83,50,24,25,1, 
2020-12-18,93,43,20,17,1, 
2020-12-19,79,42,21,15,1, 
2020-12-20,81,47,19,25,1, 
2020-12-21,88,60,20,26,2, 
2020-12-22,116,64,19,28,2, 
2020-12-23,128,63,19,31,2, 
2020-12-24,138,57,9,25,2, 
2020-12-25,120,55,14,28,2, 
2020-12-26,106,51,20,18,1, 
2020-12-27,101,42,15,17,1, 
2020-12-28,81,55,16,24,1, 
2020-12-29,105,51,11,18,2, 
2020-12-30,98,38,19,5,1, 
2020-12-31,76,42,24,8,1, 
2021-01-01,82,46,25,11,1, 
2021-01-02,93,58,26,14,2, 
2021-01-03,130,56,21,17,2, 
2020-07-01,46,21,3,5, , 
2020-07-02,46,22,5,6, , 
2020-07-03,55,29,8,5, , 
2020-07-04,60,23,7,3, , 
2020-07-05,55,23,10,3, , 
2020-07-06,50,23,14,3, , 
2020-07-07,53,19,6,5,1, 
2020-07-08,47,23,12,5,2, 
2020-07-09,50,22,5,6,2, 
2020-07-10,53,26,7,7,1, 
2020-07-11,50,24,13,7,2, 
2020-07-12,50,27,9,9,1, 
2020-07-13,42,24,6,8,1, 
2020-07-14,53,27,8,8,2, 
2020-07-15,57,25,94,7,1, 
2020-07-16,51,26,13,6,2, 
2020-07-17,53,26,15,7,1, 
2020-07-18,65,18,6,4,2, 
2020-07-19,42,29,2,10,2, 
2020-07-20,61,28,3,16,1, 
2020-07-21,60,26,8,12,2, 
2020-07-22,63,21,5,7,1, 
2020-07-23,56,25,3,11,2, 
2020-07-24,58,26,8,10,1, 
2020-07-25,59,22,7,5,1, 
2020-07-26,51,15,6,4,2, 
2020-07-27,40,18,7,5,1, 
2020-07-28,44,23,12,7,2, 
2020-07-29,49,20,10,5,2, 
2020-07-30,48,18,8,5,2, 
2020-07-31,43,17,6,4,1, 
2020-08-01,41,14,5,4,2, 
2020-08-02,32,17,5,4,1, 
2020-08-03,37,19,5,4, , 
2020-08-04,44,21,8,5, , 
2020-08-05,48,27,7,7,1, 
2020-08-06,57,28,5,8, , 
2020-08-07,57,25,4,6, , 
2020-08-08,49,19,5,6, , 
2020-08-09,42,18,5,5, , 
2020-08-10,42,25,5,6, , 
2020-08-11,45,17,4,4, , 
2020-08-12,41,21,4,6, , 
2020-08-13,51,25,5,8, , 
2020-08-14,56,31,4,7, , 
2020-08-15,61,28,8,5, , 
2020-08-16,57,32,8,7, , 
2020-08-17,63,40,13,6,1, 
2020-08-18,73,32,8,7, , 
2020-08-19,65,38,5,7, , 
2020-08-20,76,29,7,6, , 
2020-08-21,60,23,17,5, , 
2020-08-22,55,23,7,6, , 
2020-08-23,52,27,8,6, , 
2020-08-24,58,28,11,8, , 
2020-08-25,57,26,10,5, , 
2020-08-26,53,26,5,4, , 
2020-08-27,51,28,4,5, , 
2020-08-28,60,27,16,8, , 
2020-08-29,62,31,13,8, , 
2020-08-30,68,23,7,5, , 
2020-08-31,52,24,11,9, , 
2020-09-01,52,36,9,10, , 
2020-09-02,71,29,6,8, , 
2020-09-03,63,26,7,7, , 
2020-09-04,60,24,6,6, , 
2020-09-05,54,17,12,2, , 
2020-09-06,44,16,7,3, , 
2020-09-07,40,22,9,4, , 
2020-09-08,50,29,3,5, , 
2020-09-09,67,26,16,7, , 
2020-09-10,57,19,8,6, , 
2020-09-11,41,20,3,7, , 
2020-09-12,42,18,2,6, , 
2020-09-13,44,17,7,6,1, 
2020-09-14,39,24,12,10, , 
2020-09-15,47,26,16,11, , 
2020-09-16,52,28,14,10, , 
2020-09-17,50,24,5,9, , 
2020-09-18,50,16,5,4, , 
2020-09-19,39,16,4,3, , 
2020-09-20,26,31,11,4, , 
2020-09-21,55,39,12,9, , 
2020-09-22,62,42,15,13, , 
2020-09-23,77,21,9,3, , 
2020-09-24,37,32,13,4, , 
2020-09-25,46,33,6,6, , 
2020-09-26,83,20,8,7, , 
2020-09-27,49,27,6,7, , 
2020-09-28,49,18,7,8, , 
2020-09-29,38,25,11,11,1, 
2020-09-30,57,26,6,9,1, 
2020-04-01,73,31,1,2,4, 
2020-04-02,62,27,5,3, , 
2020-04-03,54,27,4,2, , 
2020-04-04,62,28,8,2, , 
2020-04-05,63,28,6,2, , 
2020-04-06,61,39,9,4,10, 
2020-04-07,74,37,6,6, , 
2020-04-08,70,30,9,4, , 
2020-04-09,61,29,13,4, , 
2020-04-10,69,30,9,5, , 
2020-04-11,73,19,9,2, , 
2020-04-12,68,40,12,12, , 
2020-04-13,89,50,23,7, , 
2020-04-14,110,44,21,7, , 
2020-04-15,90,27,12,4, , 
2020-04-16,69,23,11,3,8, 
2020-04-17,56,23,14,4, , 
2020-04-18,53,26,11,6, , 
2020-04-19,57,23,11,4, , 
2020-04-20,60,22,10,3,6, 
2020-04-21,53,31,14,5, , 
2020-04-22,68,34,18,4, , 
2020-04-23,70,31,18,8, , 
2020-04-24,72,34,10,8, , 
2020-04-25,75,47,29,13, , 
2020-04-26,90,52,20,13, , 
2020-04-27,114,46,33,7, , 
2020-04-28,97,51,23,9, , 
2020-04-29,108,40,18,7, , 
2020-04-30,87,30,16,4, , 
2020-05-01,62,33,12,2, , 
2020-05-02,60,27,10,1, , 
2020-05-03,58,30,15,3, , 
2020-05-04,68,32,16,5, , 
2020-05-05,70,28,11,3, , 
2020-05-06,65,24,10,2, , 
2020-05-07,56,25,5,3, , 
2020-05-08,52,17,7,3, , 
2020-05-09,37,16,8,4, , 
2020-05-10,34,25,5,4, , 
2020-05-11,49,37,22,7, , 
2020-05-12,76,23,11,3, , 
2020-05-13,57,25,12,3, , 
2020-05-14,54,22,9,3, , 
2020-05-15,53,24,9,2, , 
2020-05-16,58,23,9,3, , 
2020-05-17,57,25,10,4, , 
2020-05-18,55,20,9,4, , 
2020-05-19,49,24,9,3, , 
2020-05-20,56,28,10,3, , 
2020-05-21,61,40,17,5, , 
2020-05-22,85,47,11,5, , 
2020-05-23,85,46,9,5, , 
2020-05-24,87,39,6,7, , 
2020-05-25,91,39,10,8, , 
2020-05-26,92,24,10,7, , 
2020-05-27,53,23,12,6, , 
2020-05-28,50,26,15,7, , 
2020-05-29,54,18,10,6, , 
2020-05-30,42,18,8,4, , 
2020-05-31,47,23,11,4, , 
2020-06-01,48,18,9,3, , 
2020-06-02,43,20,8,5, , 
2020-06-03,48,24,9,7, , 
2020-06-04,53,22,4,7, , 
2020-06-05,48,20,8,5, , 
2020-06-06,39,17,7,4, , 
2020-06-07,32,16,6,4, , 
2020-06-08,34,21,4,5, , 
2020-06-09,45,18,5,5, , 
2020-06-10,40,23,12,6, , 
2020-06-11,54,22,13,7, , 
2020-06-12,46,21,16,5, , 
2020-06-13,47,21,13,4, , 
2020-06-14,52,18,5,5, , 
2020-06-15,42,17,6,5, , 
2020-06-16,42,21,4,7, , 
2020-06-17,49,25,8,9, , 
2020-06-18,61,23,6,7, , 
2020-06-19,59,23,13,6, , 
2020-06-20,52,22,15,5, , 
2020-06-21,52,26,8,8, , 
2020-06-22,60,25,16,9, , 
2020-06-23,60,26,15,7, , 
2020-06-24,61,25,12,7, , 
2020-06-25,54,20,7,6, , 
2020-06-26,48,22,12,8, , 
2020-06-27,54,19,11,6, , 
2020-06-28,50,21,11,5, , 
2020-06-29,48,20,9,7, , 
2020-06-30,48,21,8,5, , 
2020-01-01,74,46,11,15,1, 
2020-01-02,93,52,12,18,1, 
2020-01-03,102,56,16,18, , 
2020-01-04,121,61,15,17, , 
2020-01-05,130,66,14,27,1, 
2020-01-06,135,69,15,22,1, 
2020-01-07,139,71,13,22,1, 
2020-01-08,149,70,18,21,1, 
2020-01-09,140,93,13,30,2, 
2020-01-10,180,64,16,14,1, 
2020-01-11,138,56,15,10,2, 
2020-01-12,120,56,12,12, , 
2020-01-13,116,56,11,12, , 
2020-01-14,112,61,13,15, , 
2020-01-15,122,67,15,13, , 
2020-01-16,127,70,19,15, , 
2020-01-17,143,74,12,11,1, 
2020-01-18,162,72,18,11, , 
2020-01-19,159,76,17,16, , 
2020-01-20,163,67,16,14, , 
2020-01-21,147,63,12,16, , 
2020-01-22,124,58,9,10, , 
2020-01-23,115,48,7,8, , 
2020-01-24,84,39,10,5, , 
2020-01-25,69,33,7,7, , 
2020-01-26,62,40,10,10,1, 
2020-01-27,81,47,13,12,1, 
2020-01-28,101,49,20,16, , 
2020-01-29,104,56,21,15,1, 
2020-01-30,110,68,19,13, , 
2020-01-31,138,88,27,17, , 
2020-02-01,161,85,25,14,1, 
2020-02-02,162,80,22,13, , 
2020-02-03,159,71,17,10,1, 
2020-02-04,145,58,17,10, , 
2020-02-05,109,48,14,8, , 
2020-02-06,91,59,18,13, , 
2020-02-07,108,59,22,11,1, 
2020-02-08,118,72,16,14, , 
2020-02-09,138,75,19,13, , 
2020-02-10,138,71,22,15,1, 
2020-02-11,154,58,13,9,1, 
2020-02-12,126,32,7,5, , 
2020-02-13,58,29,6,5, , 
2020-02-14,55,37,10,8, , 
2020-02-15,75,26,8,7, , 
2020-02-16,58,38,13,10, , 
2020-02-17,73,62,15,11,1, 
2020-02-18,118,81,21,17,1, 
2020-02-19,149,86,18,19,1, 
2020-02-20,167,79,18,14, , 
2020-02-21,154,82,17,13,1, 
2020-02-22,150,80,21,14,1, 
2020-02-23,151,87,21,19,1, 
2020-02-24,166,89,25,13,1, 
2020-02-25,164,73,20,10,1, 
2020-02-26,145,75,11,17,1, 
2020-02-27,140,50,13,9, , 
2020-02-28,104,49,12,9, , 
2020-02-29,96,51,13,6, , 
2020-03-01,91,47,12,6, , 
2020-03-02,91,33,9,4, , 
2020-03-03,66,29,4,5,1, 
2020-03-04,56,31,5,6, , 
2020-03-05,63,30,5,5, , 
2020-03-06,61,32,4,6, , 
2020-03-07,63,39,12,4, , 
2020-03-08,75,56,24,10, , 
2020-03-09,119,49,14,9, , 
2020-03-10,107,54,14,10,1, 
2020-03-11,111,44,8,6, , 
2020-03-12,94,37,6,5, , 
2020-03-13,80,35,7,5, , 
2020-03-14,72,37,5,9, , 
2020-03-15,81,57,12,15, , 
2020-03-16,109,46,13,4, , 
2020-03-17,79,44,9,5, , 
2020-03-18,84,40,11,5, , 
2020-03-19,75,36,11,5, , 
2020-03-20,75,35,13,5, , 
2020-03-21,79,29,13,5, , 
2020-03-22,69,30,12,7,1, 
2020-03-23,65,28,9,6, , 
2020-03-24,61,31,9,4, , 
2020-03-25,70,25,8,4, , 
2020-03-26,59,27,7,4, , 
2020-03-27,59,37,11,4, , 
2020-03-28,81,30,10,3, , 
2020-03-29,72, , , , , 
